<?xml version="1.0" encoding="UTF-8"?>
<!DOCTYPE iserver SYSTEM "./iserver.dtd">
<iserver>
	<layer id="defaultLayer">
		<name>Default Layer</name>
	</layer>

	<individual id="nadir">
		<name>Nadir Weibel</name>
		<description>Postdoctoral Researcher, UCSD</description>
		<login>weibel</login>
		<password>weibel</password>
	</individual>

	<document id="refresh_prototype" creator="nadir">

		<name>RefreshMyDesk initial prototype</name>
		<id>refresh_main</id>
		<size>
			<width>1260</width>
			<height>1260</height>
		</size>
		<content></content>
	</document>

	<page id="refresh_page1" creator="nadir" document="refresh_prototype">
		<name>Page 1, Refresh</name>
		<number>1</number>
	</page>

	<rectangle resource="refresh_page1" creator="nadir"
		id="main_capture_shape" layer="defaultLayer">
		<name>mainCaptureShape</name>
		<upperLeft>
			<point>
				<x>0</x>
				<y>0</y>
			</point>
		</upperLeft>
		<size>
			<width>1260</width>
			<height>1260</height>
		</size>
	</rectangle>

	<activeComponent id="refreshCaptureAC" creator="nadir">
		<name>Refresh capture AC</name>
		<properties>
			<parameter>
				<key>org.ximtec.iserver.ac:noteTimeout</key>
				<value>500</value>
			</parameter>
		</properties>
		<identifier>edu.ucsd.hci.refresh.CAPTURE</identifier>
	</activeComponent>

	<link id="capture_link" creator="nadir"
		sources="main_capture_shape main_capture_new_shape letter_capture_shape A4_capture_shape A3_capture_shape diary_A4_shape diary_A4_Landscape_shape"
		targets="refreshCaptureAC">
		<name>Link for main capture area</name>
	</link>


	<document id="refresh_main_new" creator="nadir"
		templates="refresh_main_new_template">

		<name>RefreshMyDesk initial prototype A0 new</name>
		<id>refresh_main_new</id>

		<size>
			<width>1260</width>
			<height>1260</height>
		</size>
		<content></content>
	</document>

	<template id="refresh_main_new_template" creator="nadir">
		<name>refresh_main_new_template</name>
	</template>

	<page id="refresh_new_page1" creator="nadir" document="refresh_main_new">
		<name>Page 1, Refresh New</name>
		<number>1</number>
	</page>

	<page id="refresh_new_page2" creator="nadir" document="refresh_main_new">
		<name>Page 2, Refresh New</name>
		<number>2</number>
	</page>

	<page id="refresh_new_page3" creator="nadir" document="refresh_main_new">
		<name>Page 3, Refresh New</name>
		<number>3</number>
	</page>

	<page id="refresh_new_page4" creator="nadir" document="refresh_main_new">
		<name>Page 4, Refresh New</name>
		<number>4</number>
	</page>

	<page id="refresh_new_page5" creator="nadir" document="refresh_main_new">
		<name>Page 5, Refresh New</name>
		<number>5</number>
	</page>

	<page id="refresh_new_page6" creator="nadir" document="refresh_main_new">
		<name>Page 6, Refresh New</name>
		<number>6</number>
	</page>

	<page id="refresh_new_page7" creator="nadir" document="refresh_main_new">
		<name>Page 7, Refresh New</name>
		<number>7</number>
	</page>

	<page id="refresh_new_page8" creator="nadir" document="refresh_main_new">
		<name>Page 8, Refresh New</name>
		<number>8</number>
	</page>

	<page id="refresh_new_page9" creator="nadir" document="refresh_main_new">
		<name>Page 9, Refresh New</name>
		<number>9</number>
	</page>

	<page id="refresh_new_page10" creator="nadir" document="refresh_main_new">
		<name>Page 10, Refresh New</name>
		<number>10</number>
	</page>

	<rectangle resource="refresh_main_new_template" creator="nadir"
		id="main_capture_new_shape" layer="defaultLayer">
		<name>main_capture_new_shape</name>
		<upperLeft>
			<point>
				<x>0</x>
				<y>0</y>
			</point>
		</upperLeft>
		<size>
			<width>1260</width>
			<height>1260</height>
		</size>
	</rectangle>


	<document id="refresh_letter" creator="nadir"
		templates="refresh_letter_template">

		<name>RefreshMyDesk initial prototype</name>
		<id>refresh_letter</id>

		<size>
			<width>216</width>
			<height>279</height>
		</size>
		<content></content>
	</document>

	<template id="refresh_letter_template" creator="nadir">
		<name>refresh_letter_template</name>
	</template>


	<polygon resource="refresh_letter_template" creator="nadir"
		id="letter_capture_shape" layer="defaultLayer">
		<name>letter_capture_shape</name>
		<point>
			<x>0</x>
			<y>0</y>
		</point>
		<point>
			<x>216</x>
			<y>0</y>
		</point>
		<point>
			<x>216</x>
			<y>256</y>
		</point>
		<point>
			<x>175</x>
			<y>256</y>
		</point>
		<point>
			<x>171</x>
			<y>279</y>
		</point>
		<point>
			<x>0</x>
			<y>279</y>
		</point>
		<point>
			<x>0</x>
			<y>0</y>
		</point>
	</polygon>

	<rectangle resource="refresh_letter_template" creator="nadir"
		id="letter_delete_shape" layer="defaultLayer">
		<name>letter_delete_shape</name>
		<upperLeft>
			<point>
				<x>178</x>
				<y>260</y>
			</point>
		</upperLeft>
		<size>
			<width>12</width>
			<height>12</height>
		</size>
	</rectangle>

	<rectangle resource="refresh_letter_template" creator="nadir"
		id="letter_print_shape" layer="defaultLayer">
		<name>letter_print_shape</name>
		<upperLeft>
			<point>
				<x>195</x>
				<y>260</y>
			</point>
		</upperLeft>
		<size>
			<width>12</width>
			<height>12</height>
		</size>
	</rectangle>

	<activeComponent id="refreshDeleteAC" creator="nadir">
		<name>Refresh delete AC</name>
		<identifier>edu.ucsd.hci.refresh.DELETE</identifier>
	</activeComponent>

	<link id="delete_link" creator="nadir"
		sources="letter_delete_shape A4_delete_shape A3_delete_shape delete_note_button2 delete_note_button1"
		targets="refreshDeleteAC">
		<name>Link for delete note buttons</name>
	</link>

	<activeComponent id="refreshPrintAC" creator="nadir">
		<name>Refresh print AC</name>
		<identifier>edu.ucsd.hci.refresh.PRINT</identifier>
	</activeComponent>

	<link id="print_link" creator="nadir"
		sources="letter_print_shape A4_print_shape A3_print_shape print_note_button2 print_note_button1"
		targets="refreshPrintAC">
		<name>Link for print note buttons</name>
	</link>


	<page id="refresh_letter1" creator="nadir" document="refresh_letter">
		<name>Page 1, Refresh Letter</name>
		<number>1</number>
	</page>

	<page id="refresh_letter2" creator="nadir" document="refresh_letter">
		<name>Page 2, Refresh Letter</name>
		<number>2</number>
	</page>

	<page id="refresh_letter3" creator="nadir" document="refresh_letter">
		<name>Page 3, Refresh Letter</name>
		<number>3</number>
	</page>

	<page id="refresh_letter4" creator="nadir" document="refresh_letter">
		<name>Page 4, Refresh Letter</name>
		<number>4</number>
	</page>

	<page id="refresh_letter5" creator="nadir" document="refresh_letter">
		<name>Page 5, Refresh Letter</name>
		<number>5</number>
	</page>

	<page id="refresh_letter6" creator="nadir" document="refresh_letter">
		<name>Page 6, Refresh Letter</name>
		<number>6</number>
	</page>

	<page id="refresh_letter7" creator="nadir" document="refresh_letter">
		<name>Page 7, Refresh Letter</name>
		<number>7</number>
	</page>

	<page id="refresh_letter8" creator="nadir" document="refresh_letter">
		<name>Page 8, Refresh Letter</name>
		<number>8</number>
	</page>

	<page id="refresh_letter9" creator="nadir" document="refresh_letter">
		<name>Page 9, Refresh Letter</name>
		<number>9</number>
	</page>

	<page id="refresh_letter10" creator="nadir" document="refresh_letter">
		<name>Page 10, Refresh Letter</name>
		<number>10</number>
	</page>

	<page id="refresh_letter11" creator="nadir" document="refresh_letter">
		<name>Page 11, Refresh Letter</name>
		<number>11</number>
	</page>

	<page id="refresh_letter12" creator="nadir" document="refresh_letter">
		<name>Page 12, Refresh Letter</name>
		<number>12</number>
	</page>

	<page id="refresh_letter13" creator="nadir" document="refresh_letter">
		<name>Page 13, Refresh Letter</name>
		<number>13</number>
	</page>

	<page id="refresh_letter14" creator="nadir" document="refresh_letter">
		<name>Page 14, Refresh Letter</name>
		<number>14</number>
	</page>

	<page id="refresh_letter15" creator="nadir" document="refresh_letter">
		<name>Page 15, Refresh Letter</name>
		<number>15</number>
	</page>

	<page id="refresh_letter16" creator="nadir" document="refresh_letter">
		<name>Page 16, Refresh Letter</name>
		<number>16</number>
	</page>

	<page id="refresh_letter17" creator="nadir" document="refresh_letter">
		<name>Page 17, Refresh Letter</name>
		<number>17</number>
	</page>

	<page id="refresh_letter18" creator="nadir" document="refresh_letter">
		<name>Page 18, Refresh Letter</name>
		<number>18</number>
	</page>

	<page id="refresh_letter19" creator="nadir" document="refresh_letter">
		<name>Page 19, Refresh Letter</name>
		<number>19</number>
	</page>

	<page id="refresh_letter20" creator="nadir" document="refresh_letter">
		<name>Page 20, Refresh Letter</name>
		<number>20</number>
	</page>


	<document id="refresh_A4" creator="nadir" templates="refresh_A4_template">

		<name>RefreshMyDesk initial prototype</name>
		<id>refresh_A4</id>

		<size>
			<width>210</width>
			<height>297</height>
		</size>
		<content></content>
	</document>

	<template id="refresh_A4_template" creator="nadir">
		<name>refresh_A4_template</name>
	</template>

	<polygon resource="refresh_A4_template" creator="nadir"
		id="A4_capture_shape" layer="defaultLayer">
		<name>A4_capture_shape</name>
		<point>
			<x>0</x>
			<y>0</y>
		</point>
		<point>
			<x>210</x>
			<y>0</y>
		</point>
		<point>
			<x>210</x>
			<y>276</y>
		</point>
		<point>
			<x>165</x>
			<y>276</y>
		</point>
		<point>
			<x>165</x>
			<y>297</y>
		</point>
		<point>
			<x>0</x>
			<y>297</y>
		</point>
	</polygon>

	<rectangle resource="refresh_A4_template" creator="nadir"
		id="A4_delete_shape" layer="defaultLayer">
		<name>A4_delete_shape</name>
		<upperLeft>
			<point>
				<x>167</x>
				<y>278</y>
			</point>
		</upperLeft>
		<size>
			<width>12</width>
			<height>12</height>
		</size>
	</rectangle>

	<rectangle resource="refresh_A4_template" creator="nadir"
		id="A4_print_shape" layer="defaultLayer">
		<name>A4_print_shape</name>
		<upperLeft>
			<point>
				<x>182</x>
				<y>278</y>
			</point>
		</upperLeft>
		<size>
			<width>12</width>
			<height>12</height>
		</size>
	</rectangle>


	<page id="refresh_A41" creator="nadir" document="refresh_A4">
		<name>Page 1, Refresh A4</name>
		<number>1</number>
	</page>

	<page id="refresh_A42" creator="nadir" document="refresh_A4">
		<name>Page 2, Refresh A4</name>
		<number>2</number>
	</page>

	<page id="refresh_A43" creator="nadir" document="refresh_A4">
		<name>Page 3, Refresh A4</name>
		<number>3</number>
	</page>

	<page id="refresh_A44" creator="nadir" document="refresh_A4">
		<name>Page 4, Refresh A4</name>
		<number>4</number>
	</page>

	<page id="refresh_A45" creator="nadir" document="refresh_A4">
		<name>Page 5, Refresh A4</name>
		<number>5</number>
	</page>

	<page id="refresh_A46" creator="nadir" document="refresh_A4">
		<name>Page 6, Refresh A4</name>
		<number>6</number>
	</page>

	<page id="refresh_A47" creator="nadir" document="refresh_A4">
		<name>Page 7, Refresh A4</name>
		<number>7</number>
	</page>

	<page id="refresh_A48" creator="nadir" document="refresh_A4">
		<name>Page 8, Refresh A4</name>
		<number>8</number>
	</page>

	<page id="refresh_A49" creator="nadir" document="refresh_A4">
		<name>Page 9, Refresh A4</name>
		<number>9</number>
	</page>

	<page id="refresh_A410" creator="nadir" document="refresh_A4">
		<name>Page 10, Refresh A4</name>
		<number>10</number>
	</page>

	<page id="refresh_A411" creator="nadir" document="refresh_A4">
		<name>Page 11, Refresh A4</name>
		<number>11</number>
	</page>

	<page id="refresh_A412" creator="nadir" document="refresh_A4">
		<name>Page 12, Refresh A4</name>
		<number>12</number>
	</page>

	<page id="refresh_A413" creator="nadir" document="refresh_A4">
		<name>Page 13, Refresh A4</name>
		<number>13</number>
	</page>

	<page id="refresh_A414" creator="nadir" document="refresh_A4">
		<name>Page 14, Refresh A4</name>
		<number>14</number>
	</page>

	<page id="refresh_A415" creator="nadir" document="refresh_A4">
		<name>Page 15, Refresh A4</name>
		<number>15</number>
	</page>

	<page id="refresh_A416" creator="nadir" document="refresh_A4">
		<name>Page 16, Refresh A4</name>
		<number>16</number>
	</page>

	<page id="refresh_A417" creator="nadir" document="refresh_A4">
		<name>Page 17, Refresh A4</name>
		<number>17</number>
	</page>

	<page id="refresh_A418" creator="nadir" document="refresh_A4">
		<name>Page 18, Refresh A4</name>
		<number>18</number>
	</page>

	<page id="refresh_A419" creator="nadir" document="refresh_A4">
		<name>Page 19, Refresh A4</name>
		<number>19</number>
	</page>

	<page id="refresh_A420" creator="nadir" document="refresh_A4">
		<name>Page 20, Refresh A4</name>
		<number>20</number>
	</page>


	<document id="refresh_A3" creator="nadir" templates="refresh_A3_template">

		<name>RefreshMyDesk initial prototype A3</name>
		<id>refresh_A3</id>

		<size>
			<width>419</width>
			<height>297</height>
		</size>
		<content></content>
	</document>

	<template id="refresh_A3_template" creator="nadir">
		<name>refresh_A3_template</name>
	</template>

	<polygon resource="refresh_A3_template" creator="nadir"
		id="A3_capture_shape" layer="defaultLayer">
		<name>A3_capture_shape</name>
		<point>
			<x>0</x>
			<y>0</y>
		</point>
		<point>
			<x>419</x>
			<y>0</y>
		</point>
		<point>
			<x>419</x>
			<y>273</y>
		</point>
		<point>
			<x>372</x>
			<y>273</y>
		</point>
		<point>
			<x>372</x>
			<y>297</y>
		</point>
		<point>
			<x>0</x>
			<y>297</y>
		</point>
	</polygon>

	<rectangle resource="refresh_A3_template" creator="nadir"
		id="A3_delete_shape" layer="defaultLayer">
		<name>A3_delete_shape</name>
		<upperLeft>
			<point>
				<x>372</x>
				<y>273</y>
			</point>
		</upperLeft>
		<size>
			<width>12</width>
			<height>12</height>
		</size>
	</rectangle>

	<rectangle resource="refresh_A3_template" creator="nadir"
		id="A3_print_shape" layer="defaultLayer">
		<name>A3_print_shape</name>
		<upperLeft>
			<point>
				<x>386</x>
				<y>273</y>
			</point>
		</upperLeft>
		<size>
			<width>12</width>
			<height>12</height>
		</size>
	</rectangle>


	<page id="refresh_A31" creator="nadir" document="refresh_A3">
		<name>Page 1, Refresh A3</name>
		<number>1</number>
	</page>

	<page id="refresh_A32" creator="nadir" document="refresh_A3">
		<name>Page 2, Refresh A3</name>
		<number>2</number>
	</page>

	<page id="refresh_A33" creator="nadir" document="refresh_A3">
		<name>Page 3, Refresh A3</name>
		<number>3</number>
	</page>

	<page id="refresh_A34" creator="nadir" document="refresh_A3">
		<name>Page 4, Refresh A3</name>
		<number>4</number>
	</page>

	<page id="refresh_A35" creator="nadir" document="refresh_A3">
		<name>Page 5, Refresh A3</name>
		<number>5</number>
	</page>

	<page id="refresh_A36" creator="nadir" document="refresh_A3">
		<name>Page 6, Refresh A3</name>
		<number>6</number>
	</page>

	<page id="refresh_A37" creator="nadir" document="refresh_A3">
		<name>Page 7, Refresh A3</name>
		<number>7</number>
	</page>

	<page id="refresh_A38" creator="nadir" document="refresh_A3">
		<name>Page 8, Refresh A3</name>
		<number>8</number>
	</page>

	<page id="refresh_A39" creator="nadir" document="refresh_A3">
		<name>Page 9, Refresh A3</name>
		<number>9</number>
	</page>

	<page id="refresh_A310" creator="nadir" document="refresh_A3">
		<name>Page 10, Refresh A3</name>
		<number>10</number>
	</page>

	<page id="refresh_A311" creator="nadir" document="refresh_A3">
		<name>Page 11, Refresh A3</name>
		<number>11</number>
	</page>

	<page id="refresh_A312" creator="nadir" document="refresh_A3">
		<name>Page 12, Refresh A3</name>
		<number>12</number>
	</page>

	<page id="refresh_A313" creator="nadir" document="refresh_A3">
		<name>Page 13, Refresh A3</name>
		<number>13</number>
	</page>

	<page id="refresh_A314" creator="nadir" document="refresh_A3">
		<name>Page 14, Refresh A3</name>
		<number>14</number>
	</page>

	<page id="refresh_A315" creator="nadir" document="refresh_A3">
		<name>Page 15, Refresh A3</name>
		<number>15</number>
	</page>

	<page id="refresh_A316" creator="nadir" document="refresh_A3">
		<name>Page 16, Refresh A3</name>
		<number>16</number>
	</page>

	<page id="refresh_A317" creator="nadir" document="refresh_A3">
		<name>Page 17, Refresh A3</name>
		<number>17</number>
	</page>

	<page id="refresh_A318" creator="nadir" document="refresh_A3">
		<name>Page 18, Refresh A3</name>
		<number>18</number>
	</page>

	<page id="refresh_A319" creator="nadir" document="refresh_A3">
		<name>Page 19, Refresh A3</name>
		<number>19</number>
	</page>

	<page id="refresh_A320" creator="nadir" document="refresh_A3">
		<name>Page 20, Refresh A3</name>
		<number>20</number>
	</page>

	<document id="refresh_buttons" creator="nadir">
		<name>RefreshMyDesk initial prototype -Button page</name>
		<id>refresh_buttons</id>

		<size>
			<width>210</width>
			<height>297</height>
		</size>
		<content></content>
	</document>

	<page id="refresh_buttons_page_1" creator="nadir" document="refresh_buttons">
		<name>Page 1, Refresh Buttons</name>
		<number>1</number>
	</page>

	<rectangle resource="refresh_buttons_page_1" creator="nadir"
		id="delete_note_button1" layer="defaultLayer">
		<name>delete_note_button1</name>
		<upperLeft>
			<point>
				<x>13</x>
				<y>14</y>
			</point>
		</upperLeft>
		<size>
			<width>21</width>
			<height>254</height>
		</size>
	</rectangle>
	<rectangle resource="refresh_buttons_page_1" creator="nadir"
		id="delete_note_button2" layer="defaultLayer">
		<name>delete_note_button2</name>
		<upperLeft>
			<point>
				<x>82</x>
				<y>14</y>
			</point>
		</upperLeft>
		<size>
			<width>21</width>
			<height>254</height>
		</size>
	</rectangle>

	<rectangle resource="refresh_buttons_page_1" creator="nadir"
		id="print_note_button1" layer="defaultLayer">
		<name>print_note_button1</name>
		<upperLeft>
			<point>
				<x>42</x>
				<y>14</y>
			</point>
		</upperLeft>
		<size>
			<width>21</width>
			<height>254</height>
		</size>
	</rectangle>
	<rectangle resource="refresh_buttons_page_1" creator="nadir"
		id="print_note_button2" layer="defaultLayer">
		<name>print_note_button2</name>
		<upperLeft>
			<point>
				<x>112</x>
				<y>14</y>
			</point>
		</upperLeft>
		<size>
			<width>21</width>
			<height>254</height>
		</size>
	</rectangle>


	<rectangle resource="refresh_buttons_page_1" creator="nadir"
		id="clear_db_button" layer="defaultLayer">
		<name>clear_db_button</name>
		<upperLeft>
			<point>
				<x>147</x>
				<y>13</y>
			</point>
		</upperLeft>
		<size>
			<width>62</width>
			<height>254</height>
		</size>
	</rectangle>

	<activeComponent id="clear_db_button_AC" creator="nadir">
		<name>Clear DB</name>
		<identifier>edu.ucsd.hci.refresh.CLEARDB</identifier>
	</activeComponent>

	<link id="clear_db_link" creator="nadir" sources="clear_db_button"
		targets="clear_db_button_AC">
		<name>Link for DB clearing</name>
	</link>



	<document id="diary_A4" creator="nadir" templates="diary_A4_template">

		<name>RefreshMyDesk diary pages</name>
		<id>diary_A4</id>

		<size>
			<width>210</width>
			<height>297</height>
		</size>
		<content></content>
	</document>

	<template id="diary_A4_template" creator="nadir">
		<name>diary_A4_template</name>
	</template>

	<rectangle resource="diary_A4_template" creator="nadir"
		id="diary_A4_shape" layer="defaultLayer">
		<name>diary_A4_shape</name>
		<upperLeft>
			<point>
				<x>0</x>
				<y>0</y>
			</point>
		</upperLeft>
		<size>
			<width>210</width>
			<height>297</height>
		</size>
	</rectangle>


	<page id="diary_A41" creator="nadir" document="diary_A4">
		<name>Page 1, Diary A4</name>
		<number>1</number>
	</page>

	<page id="diary_A42" creator="nadir" document="diary_A4">
		<name>Page 2, Diary A4</name>
		<number>2</number>
	</page>

	<page id="diary_A43" creator="nadir" document="diary_A4">
		<name>Page 3, Diary A4</name>
		<number>3</number>
	</page>

	<page id="diary_A44" creator="nadir" document="diary_A4">
		<name>Page 4, Diary A4</name>
		<number>4</number>
	</page>

	<page id="diary_A45" creator="nadir" document="diary_A4">
		<name>Page 5, Diary A4</name>
		<number>5</number>
	</page>

	<page id="diary_A46" creator="nadir" document="diary_A4">
		<name>Page 6, Diary A4</name>
		<number>6</number>
	</page>

	<page id="diary_A47" creator="nadir" document="diary_A4">
		<name>Page 7, Diary A4</name>
		<number>7</number>
	</page>

	<page id="diary_A48" creator="nadir" document="diary_A4">
		<name>Page 8, Diary A4</name>
		<number>8</number>
	</page>

	<page id="diary_A49" creator="nadir" document="diary_A4">
		<name>Page 9, Diary A4</name>
		<number>9</number>
	</page>

	<page id="diary_A410" creator="nadir" document="diary_A4">
		<name>Page 10, Diary A4</name>
		<number>10</number>
	</page>

	<page id="diary_A411" creator="nadir" document="diary_A4">
		<name>Page 11, Diary A4</name>
		<number>11</number>
	</page>

	<page id="diary_A412" creator="nadir" document="diary_A4">
		<name>Page 12, Diary A4</name>
		<number>12</number>
	</page>

	<page id="diary_A413" creator="nadir" document="diary_A4">
		<name>Page 13, Diary A4</name>
		<number>13</number>
	</page>

	<page id="diary_A414" creator="nadir" document="diary_A4">
		<name>Page 14, Diary A4</name>
		<number>14</number>
	</page>

	<page id="diary_A415" creator="nadir" document="diary_A4">
		<name>Page 15, Diary A4</name>
		<number>15</number>
	</page>

	<page id="diary_A416" creator="nadir" document="diary_A4">
		<name>Page 16, Diary A4</name>
		<number>16</number>
	</page>

	<page id="diary_A417" creator="nadir" document="diary_A4">
		<name>Page 17, Diary A4</name>
		<number>17</number>
	</page>

	<page id="diary_A418" creator="nadir" document="diary_A4">
		<name>Page 18, Diary A4</name>
		<number>18</number>
	</page>

	<page id="diary_A419" creator="nadir" document="diary_A4">
		<name>Page 19, Diary A4</name>
		<number>19</number>
	</page>

	<page id="diary_A420" creator="nadir" document="diary_A4">
		<name>Page 20, Diary A4</name>
		<number>20</number>
	</page>



	<document id="diary_A4_Landscape" creator="nadir"
		templates="diary_A4_Landscape_template">

		<name>RefreshMyDesk diary pages</name>
		<id>diary_A4_Landscape</id>

		<size>
			<width>297</width>
			<height>210</height>
		</size>
		<content></content>
	</document>

	<template id="diary_A4_Landscape_template" creator="nadir">
		<name>diary_A4_Landscape_template</name>
	</template>

	<rectangle resource="diary_A4_Landscape_template" creator="nadir"
		id="diary_A4_Landscape_shape" layer="defaultLayer">
		<name>diary_A4_Landscape_shape</name>
		<upperLeft>
			<point>
				<x>0</x>
				<y>0</y>
			</point>
		</upperLeft>
		<size>
			<width>297</width>
			<height>210</height>
		</size>
	</rectangle>


	<page id="diary_A4_Landscape1" creator="nadir" document="diary_A4_Landscape">
		<name>Page 1, Diary A4 Landscape</name>
		<number>1</number>
	</page>

	<page id="diary_A4_Landscape2" creator="nadir" document="diary_A4_Landscape">
		<name>Page 2, Diary A4 Landscape</name>
		<number>2</number>
	</page>

	<page id="diary_A4_Landscape3" creator="nadir" document="diary_A4_Landscape">
		<name>Page 3, Diary A4 Landscape</name>
		<number>3</number>
	</page>

	<page id="diary_A4_Landscape4" creator="nadir" document="diary_A4_Landscape">
		<name>Page 4, Diary A4 Landscape</name>
		<number>4</number>
	</page>

	<page id="diary_A4_Landscape5" creator="nadir" document="diary_A4_Landscape">
		<name>Page 5, Diary A4 Landscape</name>
		<number>5</number>
	</page>

	<page id="diary_A4_Landscape6" creator="nadir" document="diary_A4_Landscape">
		<name>Page 6, Diary A4 Landscape</name>
		<number>6</number>
	</page>

	<page id="diary_A4_Landscape7" creator="nadir" document="diary_A4_Landscape">
		<name>Page 7, Diary A4 Landscape</name>
		<number>7</number>
	</page>

	<page id="diary_A4_Landscape8" creator="nadir" document="diary_A4_Landscape">
		<name>Page 8, Diary A4 Landscape</name>
		<number>8</number>
	</page>

	<page id="diary_A4_Landscape9" creator="nadir" document="diary_A4_Landscape">
		<name>Page 9, Diary A4 Landscape</name>
		<number>9</number>
	</page>

	<page id="diary_A4_Landscape10" creator="nadir" document="diary_A4_Landscape">
		<name>Page 10, Diary A4 Landscape</name>
		<number>10</number>
	</page>

	<page id="diary_A4_Landscape11" creator="nadir" document="diary_A4_Landscape">
		<name>Page 11, Diary A4 Landscape</name>
		<number>11</number>
	</page>

	<page id="diary_A4_Landscape12" creator="nadir" document="diary_A4_Landscape">
		<name>Page 12, Diary A4 Landscape</name>
		<number>12</number>
	</page>

	<page id="diary_A4_Landscape13" creator="nadir" document="diary_A4_Landscape">
		<name>Page 13, Diary A4 Landscape</name>
		<number>13</number>
	</page>

	<page id="diary_A4_Landscape14" creator="nadir" document="diary_A4_Landscape">
		<name>Page 14, Diary A4 Landscape</name>
		<number>14</number>
	</page>

	<page id="diary_A4_Landscape15" creator="nadir" document="diary_A4_Landscape">
		<name>Page 15, Diary A4 Landscape</name>
		<number>15</number>
	</page>

	<page id="diary_A4_Landscape16" creator="nadir" document="diary_A4_Landscape">
		<name>Page 16, Diary A4 Landscape</name>
		<number>16</number>
	</page>

	<page id="diary_A4_Landscape17" creator="nadir" document="diary_A4_Landscape">
		<name>Page 17, Diary A4 Landscape</name>
		<number>17</number>
	</page>

	<page id="diary_A4_Landscape18" creator="nadir" document="diary_A4_Landscape">
		<name>Page 18, Diary A4 Landscape</name>
		<number>18</number>
	</page>

	<page id="diary_A4_Landscape19" creator="nadir" document="diary_A4_Landscape">
		<name>Page 19, Diary A4 Landscape</name>
		<number>19</number>
	</page>

	<page id="diary_A4_Landscape20" creator="nadir" document="diary_A4_Landscape">
		<name>Page 20, Diary A4 Landscape</name>
		<number>20</number>
	</page>

</iserver>
